#Top: ios   Floorplan: io_1   Part: xczu3eg-ubva530-2L-e,,,,,,,,,,,,,,,,,,,,,,,,,
#Generated by: tim   on: Fri Feb  4 11:57:33 2022,,,,,,,,,,,,,,,,,,,,,,,,,
#Build: Vivado v2021.2   by: xbuild   on: Tue Oct 19 02:48:09 MDT 2021,,,,,,,,,,,,,,,,,,,,,,,,,
#Package Version: PRODUCTION 1.1 5/07/2021,,,,,,,,,,,,,,,,,,,,,,,,,
#Package Pin Delay Version: PRODUCTION 1.0 8/31/2020,,,,,,,,,,,,,,,,,,,,,,,,,
,,,,,,,,,,,,,,,,,,,,,,,,,
#The following package pin(s) are connected to master PCIE reset pins, and #    should be tied off to a 1.8V standard - ,,,,,,,,,,,,,,,,,,,,,,,,
IO Bank,Pin Number,Site,Site Type,Min Trace Delay (ps),Max Trace Delay (ps),Prohibit,Interface,Signal Name,Direction,DiffPair Type,DiffPair Signal,IO Standard,Drive (mA),Slew Rate,OUTPUT_IMPEDANCE,PRE_EMPHASIS,LVDS_PRE_EMPHASIS,EQUALIZATION,Pull Type,DQS_BIAS,DIFF_TERM,OFFCHIP_TERM,Board Signal,Board Voltage,ODT
65,N4,IOB_X2Y54,IO_L2P_T0L_N2_65,17.772,17.95,,,mipi_cam0_data_p[0],IN,P,mipi_cam0_data_n[0],MIPI_DPHY_DCI,,,,,,,,,TRUE,,,,
65,M7,IOB_X2Y56,IO_L3P_T0L_N4_AD15P_65,15.377,15.531,,,mipi_cam0_data_p[1],IN,P,mipi_cam0_data_n[1],MIPI_DPHY_DCI,,,,,,,,,TRUE,,,,
65,T6,IOB_X2Y58,IO_L4P_T0U_N6_DBC_AD7P_SMBALERT_65,44.529,44.977,,,mipi_cam0_data_p[2],IN,P,mipi_cam0_data_n[2],MIPI_DPHY_DCI,,,,,,,,,TRUE,,,,
65,T4,IOB_X2Y60,IO_L5P_T0U_N8_AD14P_65,42.063,42.486,,,mipi_cam0_data_p[3],IN,P,mipi_cam0_data_n[3],MIPI_DPHY_DCI,,,,,,,,,TRUE,,,,
65,P4,IOB_X2Y55,IO_L2N_T0L_N3_65,17.093,17.265,,,mipi_cam0_data_n[0],IN,N,mipi_cam0_data_p[0],MIPI_DPHY_DCI,,,,,,,,,TRUE,,,,
65,N7,IOB_X2Y57,IO_L3N_T0L_N5_AD15N_65,16.966,17.136,,,mipi_cam0_data_n[1],IN,N,mipi_cam0_data_p[1],MIPI_DPHY_DCI,,,,,,,,,TRUE,,,,
65,U5,IOB_X2Y59,IO_L4N_T0U_N7_DBC_AD7N_65,42.3,42.725,,,mipi_cam0_data_n[2],IN,N,mipi_cam0_data_p[2],MIPI_DPHY_DCI,,,,,,,,,TRUE,,,,
65,U4,IOB_X2Y61,IO_L5N_T0U_N9_AD14N_65,40.795,41.205,,,mipi_cam0_data_n[3],IN,N,mipi_cam0_data_p[3],MIPI_DPHY_DCI,,,,,,,,,TRUE,,,,
65,V4,IOB_X2Y67,IO_L8P_T1L_N2_AD5P_65,40.201,40.605,,,mipi_cam1_data_p[0],IN,P,mipi_cam1_data_n[0],MIPI_DPHY_DCI,,,,,,,,,TRUE,,,,
65,K7,IOB_X2Y69,IO_L9P_T1L_N4_AD12P_65,13.424,13.559,,,mipi_cam1_data_p[1],IN,P,mipi_cam1_data_n[1],MIPI_DPHY_DCI,,,,,,,,,TRUE,,,,
65,R1,IOB_X2Y71,IO_L10P_T1U_N6_QBC_AD4P_65,33.147,33.481,,,mipi_cam1_data_p[2],IN,P,mipi_cam1_data_n[2],MIPI_DPHY_DCI,,,,,,,,,TRUE,,,,
65,N2,IOB_X2Y73,IO_L11P_T1U_N8_GC_65,31.011,31.323,,,mipi_cam1_data_p[3],IN,P,mipi_cam1_data_n[3],MIPI_DPHY_DCI,,,,,,,,,TRUE,,,,
65,V3,IOB_X2Y68,IO_L8N_T1L_N3_AD5N_65,41.988,42.41,,,mipi_cam1_data_n[0],IN,N,mipi_cam1_data_p[0],MIPI_DPHY_DCI,,,,,,,,,TRUE,,,,
65,K6,IOB_X2Y70,IO_L9N_T1L_N5_AD12N_65,15.95,16.11,,,mipi_cam1_data_n[1],IN,N,mipi_cam1_data_p[1],MIPI_DPHY_DCI,,,,,,,,,TRUE,,,,
65,T1,IOB_X2Y72,IO_L10N_T1U_N7_QBC_AD4N_65,32.861,33.191,,,mipi_cam1_data_n[2],IN,N,mipi_cam1_data_p[2],MIPI_DPHY_DCI,,,,,,,,,TRUE,,,,
65,N1,IOB_X2Y74,IO_L11N_T1U_N9_GC_65,28.306,28.59,,,mipi_cam1_data_n[3],IN,N,mipi_cam1_data_p[3],MIPI_DPHY_DCI,,,,,,,,,TRUE,,,,
65,L2,IOB_X2Y80,IO_L14P_T2L_N2_GC_65,21.119,21.331,,,mipi_cam2_data_p[0],IN,P,mipi_cam2_data_n[0],MIPI_DPHY_DCI,,,,,,,,,TRUE,,,,
65,H8,IOB_X2Y82,IO_L15P_T2L_N4_AD11P_65,21.745,21.963,,,mipi_cam2_data_p[1],IN,P,mipi_cam2_data_n[1],MIPI_DPHY_DCI,,,,,,,,,TRUE,,,,
65,J1,IOB_X2Y84,IO_L16P_T2U_N6_QBC_AD3P_65,20.032,20.234,,,mipi_cam2_data_p[2],IN,P,mipi_cam2_data_n[2],MIPI_DPHY_DCI,,,,,,,,,TRUE,,,,
65,G7,IOB_X2Y86,IO_L17P_T2U_N8_AD10P_65,15.237,15.39,,,mipi_cam2_data_p[3],IN,P,mipi_cam2_data_n[3],MIPI_DPHY_DCI,,,,,,,,,TRUE,,,,
65,M1,IOB_X2Y81,IO_L14N_T2L_N3_GC_65,20.036,20.237,,,mipi_cam2_data_n[0],IN,N,mipi_cam2_data_p[0],MIPI_DPHY_DCI,,,,,,,,,TRUE,,,,
65,J7,IOB_X2Y83,IO_L15N_T2L_N5_AD11N_65,21.487,21.703,,,mipi_cam2_data_n[1],IN,N,mipi_cam2_data_p[1],MIPI_DPHY_DCI,,,,,,,,,TRUE,,,,
65,K1,IOB_X2Y85,IO_L16N_T2U_N7_QBC_AD3N_65,21.034,21.246,,,mipi_cam2_data_n[2],IN,N,mipi_cam2_data_p[2],MIPI_DPHY_DCI,,,,,,,,,TRUE,,,,
65,H7,IOB_X2Y87,IO_L17N_T2U_N9_AD10N_65,16.491,16.657,,,mipi_cam2_data_n[3],IN,N,mipi_cam2_data_p[3],MIPI_DPHY_DCI,,,,,,,,,TRUE,,,,
65,G2,IOB_X2Y93,IO_L20P_T3L_N2_AD1P_65,24.841,25.091,,,mipi_cam3_data_p[0],IN,P,mipi_cam3_data_n[0],MIPI_DPHY_DCI,,,,,,,,,TRUE,,,,
65,F7,IOB_X2Y95,IO_L21P_T3L_N4_AD8P_65,16.957,17.127,,,mipi_cam3_data_p[1],IN,P,mipi_cam3_data_n[1],MIPI_DPHY_DCI,,,,,,,,,TRUE,,,,
65,E1,IOB_X2Y97,IO_L22P_T3U_N6_DBC_AD0P_65,25.729,25.987,,,mipi_cam3_data_p[2],IN,P,mipi_cam3_data_n[2],MIPI_DPHY_DCI,,,,,,,,,TRUE,,,,
65,C1,IOB_X2Y99,IO_L23P_T3U_N8_I2C_SCLK_65,32.406,32.732,,,mipi_cam3_data_p[3],IN,P,mipi_cam3_data_n[3],MIPI_DPHY_DCI,,,,,,,,,TRUE,,,,
65,G1,IOB_X2Y94,IO_L20N_T3L_N3_AD1N_65,21.298,21.512,,,mipi_cam3_data_n[0],IN,N,mipi_cam3_data_p[0],MIPI_DPHY_DCI,,,,,,,,,TRUE,,,,
65,G6,IOB_X2Y96,IO_L21N_T3L_N5_AD8N_65,20.019,20.22,,,mipi_cam3_data_n[1],IN,N,mipi_cam3_data_p[1],MIPI_DPHY_DCI,,,,,,,,,TRUE,,,,
65,F1,IOB_X2Y98,IO_L22N_T3U_N7_DBC_AD0N_65,25.775,26.034,,,mipi_cam3_data_n[2],IN,N,mipi_cam3_data_p[2],MIPI_DPHY_DCI,,,,,,,,,TRUE,,,,
65,D1,IOB_X2Y100,IO_L23N_T3U_N9_65,31.517,31.833,,,mipi_cam3_data_n[3],IN,N,mipi_cam3_data_p[3],MIPI_DPHY_DCI,,,,,,,,,TRUE,,,,
26,C13,IOB_X0Y133,IO_L8N_HDGC_AD4N_26,14.831,14.98,,,CAM_CLK[3],OUT,,,LVCMOS33,12,SLOW,,,,,,,,FP_VTT_50,,,
26,D13,IOB_X0Y132,IO_L8P_HDGC_AD4P_26,13.607,13.744,,,CAM_CLK[2],OUT,,,LVCMOS33,12,SLOW,,,,,,,,FP_VTT_50,,,
26,D9,IOB_X0Y135,IO_L9N_AD3N_26,36.901,37.272,,,CAM_CLK[1],OUT,,,LVCMOS33,12,SLOW,,,,,,,,FP_VTT_50,,,
26,D10,IOB_X0Y134,IO_L9P_AD3P_26,31.105,31.418,,,CAM_CLK[0],OUT,,,LVCMOS33,12,SLOW,,,,,,,,FP_VTT_50,,,
26,A9,IOB_X0Y139,IO_L11N_AD1N_26,33.157,33.49,,,AUX_GPIO_tri_io[3],INOUT,,,LVCMOS33,12,SLOW,,,,,,,,NONE,,,
26,A10,IOB_X0Y141,IO_L12N_AD0N_26,27.133,27.405,,,AUX_GPIO_tri_io[2],INOUT,,,LVCMOS33,12,SLOW,,,,,,,,NONE,,,
26,A11,IOB_X0Y140,IO_L12P_AD0P_26,26.138,26.4,,,AUX_GPIO_tri_io[1],INOUT,,,LVCMOS33,12,SLOW,,,,,,,,NONE,,,
26,B9,IOB_X0Y138,IO_L11P_AD1P_26,27.671,27.949,,,AUX_GPIO_tri_io[0],INOUT,,,LVCMOS33,12,SLOW,,,,,,,,NONE,,,
65,N6,IOB_X2Y52,IO_L1P_T0L_N0_DBC_65,19.707,19.905,,,mipi_cam0_clk_p,IN,P,mipi_cam0_clk_n,MIPI_DPHY_DCI,,,,,,,,,TRUE,,,,
65,P6,IOB_X2Y53,IO_L1N_T0L_N1_DBC_65,18.888,19.078,,,mipi_cam0_clk_n,IN,N,mipi_cam0_clk_p,MIPI_DPHY_DCI,,,,,,,,,TRUE,,,,
65,T2,IOB_X2Y65,IO_L7P_T1L_N0_QBC_AD13P_65,42.774,43.204,,,mipi_cam1_clk_p,IN,P,mipi_cam1_clk_n,MIPI_DPHY_DCI,,,,,,,,,TRUE,,,,
65,U2,IOB_X2Y66,IO_L7N_T1L_N1_QBC_AD13N_65,39.21,39.604,,,mipi_cam1_clk_n,IN,N,mipi_cam1_clk_p,MIPI_DPHY_DCI,,,,,,,,,TRUE,,,,
65,K2,IOB_X2Y78,IO_L13P_T2L_N0_GC_QBC_65,25.764,26.023,,,mipi_cam2_clk_p,IN,P,mipi_cam2_clk_n,MIPI_DPHY_DCI,,,,,,,,,TRUE,,,,
65,L1,IOB_X2Y79,IO_L13N_T2L_N1_GC_QBC_65,23.407,23.643,,,mipi_cam2_clk_n,IN,N,mipi_cam2_clk_p,MIPI_DPHY_DCI,,,,,,,,,TRUE,,,,
65,H2,IOB_X2Y91,IO_L19P_T3L_N0_DBC_AD9P_65,24.437,24.682,,,mipi_cam3_clk_p,IN,P,mipi_cam3_clk_n,MIPI_DPHY_DCI,,,,,,,,,TRUE,,,,
65,H1,IOB_X2Y92,IO_L19N_T3L_N1_DBC_AD9N_65,24.15,24.393,,,mipi_cam3_clk_n,IN,N,mipi_cam3_clk_p,MIPI_DPHY_DCI,,,,,,,,,TRUE,,,,
66,D4,IOB_X2Y155,IO_T3U_N12_66,9.935,10.035,,,AUX_CLK,IN,,,LVCMOS12,,,,,,,,,,,,,
26,B10,IOB_X0Y137,IO_L10N_AD2N_26,26.791,27.061,,,AUX_UART2_rxd,IN,,,LVCMOS33,,,,,,,,,,,,,
26,C10,IOB_X0Y136,IO_L10P_AD2P_26,27.282,27.556,,,AUX_UART2_txd,OUT,,,LVCMOS33,12,SLOW,,,,,,,,FP_VTT_50,,,
0,A5,,POR_OVERRIDE,35.004,35.356,,,,,,,,,,,,,,,,,,,,
0,A6,,GNDADC,22.759,22.988,,,,,,,,,,,,,,,,,,,,
0,A7,,VCCADC,19.904,20.104,,,,,,,,,,,,,,,,,,,,
0,A8,,PUDC_B,38.946,39.338,,,,,,,,,,,,,,,,,,,,
0,B6,,VREFN,19.338,19.533,,,,,,,,,,,,,,,,,,,,
0,C7,,VREFP,19.326,19.521,,,,,,,,,,,,,,,,,,,,
0,D6,,DXN,28.347,28.632,,,,,,,,,,,,,,,,,,,,
0,D7,,DXP,25.411,25.666,,,,,,,,,,,,,,,,,,,,
26,H9,IOB_X0Y105,IO_L1N_AD11N_26,29.645,29.943,,,,,,,,,,,,,,,,,,,,
26,H10,IOB_X0Y104,IO_L1P_AD11P_26,28.864,29.154,,,,,,,,,,,,,,,,,,,,
26,G9,IOB_X0Y107,IO_L2N_AD10N_26,29.77,30.069,,,,,,,,,,,,,,,,,,,,
26,G10,IOB_X0Y106,IO_L2P_AD10P_26,27.63,27.908,,,,,,,,,,,,,,,,,,,,
26,F9,IOB_X0Y109,IO_L3N_AD9N_26,32.062,32.385,,,,,,,,,,,,,,,,,,,,
26,F10,IOB_X0Y108,IO_L3P_AD9P_26,28.112,28.395,,,,,,,,,,,,,,,,,,,,
26,E9,IOB_X0Y111,IO_L4N_AD8N_26,31.648,31.966,,,,,,,,,,,,,,,,,,,,
26,E10,IOB_X0Y110,IO_L4P_AD8P_26,30.48,30.787,,,,,,,,,,,,,,,,,,,,
26,G13,IOB_X0Y113,IO_L5N_HDGC_AD7N_26,17.337,17.511,,,,,,,,,,,,,,,,,,,,
26,H13,IOB_X0Y112,IO_L5P_HDGC_AD7P_26,16.446,16.612,,,,,,,,,,,,,,,,,,,,
26,F12,IOB_X0Y115,IO_L6N_HDGC_AD6N_26,19.85,20.05,,,,,,,,,,,,,,,,,,,,
26,G12,IOB_X0Y114,IO_L6P_HDGC_AD6P_26,19.485,19.681,,,,,,,,,,,,,,,,,,,,
26,E12,IOB_X0Y131,IO_L7N_HDGC_AD5N_26,18.426,18.611,,,,,,,,,,,,,,,,,,,,
26,F13,IOB_X0Y130,IO_L7P_HDGC_AD5P_26,17.713,17.891,,,,,,,,,,,,,,,,,,,,
26,C14,,VCCO_26,,,,,,,,,,,,,,,,,,,,VCCO_26,3.3,
26,G14,,VCCO_26,,,,,,,,,,,,,,,,,,,,VCCO_26,3.3,
65,M4,IOB_X2Y64,IO_T0U_N12_VRP_65,15.948,16.108,,,,,,,,,,,,,,,,,,,,
65,L6,IOB_X2Y77,IO_T1U_N12_65,17.777,17.956,,,,,,,,,,,,,,,,,,,,
65,F4,IOB_X2Y90,IO_T2U_N12_65,18.574,18.761,,,,,,,,,,,,,,,,,,,,
65,B2,IOB_X2Y103,IO_T3U_N12_65,33.252,33.586,,,,,,,,,,,,,,,,,,,,
65,V5,IOB_X2Y63,IO_L6N_T0U_N11_AD6N_65,44.904,45.355,,,,,,,,,,,,,,,,,,,,
65,V6,IOB_X2Y62,IO_L6P_T0U_N10_AD6P_65,45.463,45.92,,,,,,,,,,,,,,,,,,,,
65,P1,IOB_X2Y76,IO_L12N_T1U_N11_GC_65,25.394,25.65,,,,,,,,,,,,,,,,,,,,
65,P2,IOB_X2Y75,IO_L12P_T1U_N10_GC_65,26.246,26.51,,,,,,,,,,,,,,,,,,,,
65,K4,IOB_X2Y89,IO_L18N_T2U_N11_AD2N_65,13.434,13.57,,,,,,,,,,,,,,,,,,,,
65,J4,IOB_X2Y88,IO_L18P_T2U_N10_AD2P_65,13.432,13.566,,,,,,,,,,,,,,,,,,,,
65,E2,IOB_X2Y102,IO_L24N_T3U_N11_PERSTN0_65,23.815,24.054,,,,,,,,,,,,,,,,,,,,
65,D2,IOB_X2Y101,IO_L24P_T3U_N10_PERSTN1_I2C_SDA_65,28.316,28.6,,,,,,,,,,,,,,,,,,,,
65,G5,,VCCO_65,,,,,,,,,,,,,,,,,,,,VCCO_65,1.2,
65,H5,,VCCO_65,,,,,,,,,,,,,,,,,,,,VCCO_65,1.2,
65,J6,,VREF_65,9.85,9.949,,,,,,,,,,,,,,,,,,,,
65,M5,,VCCO_65,,,,,,,,,,,,,,,,,,,,VCCO_65,1.2,
66,E4,IOB_X2Y116,IO_T0U_N12_VRP_66,14.613,14.76,,,,,,,,,,,,,,,,,,,,
66,B4,IOB_X2Y126,IO_L11N_T1U_N9_GC_66,25.019,25.27,,,,,,,,,,,,,,,,,,,,
66,C4,IOB_X2Y125,IO_L11P_T1U_N8_GC_66,24.736,24.985,,,,,,,,,,,,,,,,,,,,
66,A3,IOB_X2Y128,IO_L12N_T1U_N11_GC_66,29.319,29.614,,,,,,,,,,,,,,,,,,,,
66,A4,IOB_X2Y127,IO_L12P_T1U_N10_GC_66,28.761,29.05,,,,,,,,,,,,,,,,,,,,
66,E6,,VREF_66,11.285,11.398,,,,,,,,,,,,,,,,,,,,
505,N28,PS8_X0Y0,PS_MGTREFCLK0N_505,32.009,32.33,,,,,,,,,,,,,,,,,,,,
505,N27,PS8_X0Y0,PS_MGTREFCLK0P_505,33.866,34.207,,,,,,,,,,,,,,,,,,,,
505,B29,PS8_X0Y0,PS_MGTRREF_505,18.179,18.362,,,,,,,,,,,,,,,,,,,,
505,K31,PS8_X0Y0,PS_MGTRRXN0_505,20.184,20.387,,,,,,,,,,,,,,,,,,,,
505,K30,PS8_X0Y0,PS_MGTRRXP0_505,22.121,22.343,,,,,,,,,,,,,,,,,,,,
505,G28,PS8_X0Y0,PS_MGTRTXN0_505,15.721,15.88,,,,,,,,,,,,,,,,,,,,
505,G27,PS8_X0Y0,PS_MGTRTXP0_505,16.476,16.642,,,,,,,,,,,,,,,,,,,,
505,M31,PS8_X0Y0,PS_MGTREFCLK1N_505,33.197,33.531,,,,,,,,,,,,,,,,,,,,
505,M30,PS8_X0Y0,PS_MGTREFCLK1P_505,35.355,35.71,,,,,,,,,,,,,,,,,,,,
505,H31,PS8_X0Y0,PS_MGTRRXN1_505,16.21,16.373,,,,,,,,,,,,,,,,,,,,
505,H30,PS8_X0Y0,PS_MGTRRXP1_505,17.637,17.814,,,,,,,,,,,,,,,,,,,,
505,E28,PS8_X0Y0,PS_MGTRTXN1_505,15.817,15.976,,,,,,,,,,,,,,,,,,,,
505,E27,PS8_X0Y0,PS_MGTRTXP1_505,15.43,15.585,,,,,,,,,,,,,,,,,,,,
505,L28,PS8_X0Y0,PS_MGTREFCLK2N_505,34.447,34.794,,,,,,,,,,,,,,,,,,,,
505,L27,PS8_X0Y0,PS_MGTREFCLK2P_505,34.613,34.961,,,,,,,,,,,,,,,,,,,,
505,F31,PS8_X0Y0,PS_MGTRRXN2_505,15.905,16.065,,,,,,,,,,,,,,,,,,,,
505,F30,PS8_X0Y0,PS_MGTRRXP2_505,18.448,18.633,,,,,,,,,,,,,,,,,,,,
505,C28,PS8_X0Y0,PS_MGTRTXN2_505,18.439,18.625,,,,,,,,,,,,,,,,,,,,
505,C27,PS8_X0Y0,PS_MGTRTXP2_505,20.141,20.343,,,,,,,,,,,,,,,,,,,,
505,J28,PS8_X0Y0,PS_MGTREFCLK3N_505,36.415,36.781,,,,,,,,,,,,,,,,,,,,
505,J27,PS8_X0Y0,PS_MGTREFCLK3P_505,39.202,39.596,,,,,,,,,,,,,,,,,,,,
505,D31,PS8_X0Y0,PS_MGTRRXN3_505,18.641,18.828,,,,,,,,,,,,,,,,,,,,
505,D30,PS8_X0Y0,PS_MGTRRXP3_505,20.582,20.789,,,,,,,,,,,,,,,,,,,,
505,A28,PS8_X0Y0,PS_MGTRTXN3_505,19.461,19.657,,,,,,,,,,,,,,,,,,,,
505,A27,PS8_X0Y0,PS_MGTRTXP3_505,21.464,21.68,,,,,,,,,,,,,,,,,,,,
500,G18,PS8_X0Y0,PS_MIO0_500,13.803,13.942,,,,,,,,,,,,,,,,,,,,
500,F20,PS8_X0Y0,PS_MIO10_500,41.13,41.543,,,,,,,,,,,,,,,,,,,,
500,L23,PS8_X0Y0,PS_MIO11_500,51.096,51.609,,,,,,,,,,,,,,,,,,,,
500,K20,PS8_X0Y0,PS_MIO12_500,51.114,51.628,,,,,,,,,,,,,,,,,,,,
500,H15,PS8_X0Y0,PS_MIO13_500,42.74,43.17,,,,,,,,,,,,,,,,,,,,
500,J21,PS8_X0Y0,PS_MIO14_500,43.85,44.291,,,,,,,,,,,,,,,,,,,,
500,J16,PS8_X0Y0,PS_MIO15_500,41.918,42.339,,,,,,,,,,,,,,,,,,,,
500,H21,PS8_X0Y0,PS_MIO16_500,39.673,40.072,,,,,,,,,,,,,,,,,,,,
500,H23,PS8_X0Y0,PS_MIO17_500,45.775,46.235,,,,,,,,,,,,,,,,,,,,
500,L16,PS8_X0Y0,PS_MIO18_500,42.351,42.776,,,,,,,,,,,,,,,,,,,,
500,H19,PS8_X0Y0,PS_MIO19_500,31.558,31.875,,,,,,,,,,,,,,,,,,,,
500,K21,PS8_X0Y0,PS_MIO1_500,43.621,44.06,,,,,,,,,,,,,,,,,,,,
500,K23,PS8_X0Y0,PS_MIO20_500,56.166,56.73,,,,,,,,,,,,,,,,,,,,
500,H18,PS8_X0Y0,PS_MIO21_500,32.865,33.195,,,,,,,,,,,,,,,,,,,,
500,J23,PS8_X0Y0,PS_MIO22_500,54.308,54.854,,,,,,,,,,,,,,,,,,,,
500,L18,PS8_X0Y0,PS_MIO23_500,41.534,41.951,,,,,,,,,,,,,,,,,,,,
500,K24,PS8_X0Y0,PS_MIO24_500,57.674,58.254,,,,,,,,,,,,,,,,,,,,
500,J18,PS8_X0Y0,PS_MIO25_500,42.85,43.28,,,,,,,,,,,,,,,,,,,,
500,F18,PS8_X0Y0,PS_MIO2_500,11.419,11.533,,,,,,,,,,,,,,,,,,,,
500,H17,PS8_X0Y0,PS_MIO3_500,20.154,20.356,,,,,,,,,,,,,,,,,,,,
500,L20,PS8_X0Y0,PS_MIO4_500,46.285,46.75,,,,,,,,,,,,,,,,,,,,
500,H22,PS8_X0Y0,PS_MIO5_500,37.988,38.37,,,,,,,,,,,,,,,,,,,,
500,L21,PS8_X0Y0,PS_MIO6_500,46.988,47.46,,,,,,,,,,,,,,,,,,,,
500,K25,PS8_X0Y0,PS_MIO7_500,48.14,48.624,,,,,,,,,,,,,,,,,,,,
500,J20,PS8_X0Y0,PS_MIO8_500,42.575,43.003,,,,,,,,,,,,,,,,,,,,
500,H16,PS8_X0Y0,PS_MIO9_500,36.091,36.454,,,,,,,,,,,,,,,,,,,,
500,F19,,VCCO_PSIO0_500,,,,,,,,,,,,,,,,,,,,,,
500,F21,,VCCO_PSIO0_500,,,,,,,,,,,,,,,,,,,,,,
501,L10,PS8_X0Y0,PS_MIO26_501,70.058,70.762,,,,,,,,,,,,,,,,,,,,
501,L9,PS8_X0Y0,PS_MIO27_501,73.359,74.096,,,,,,,,,,,,,,,,,,,,
501,J11,PS8_X0Y0,PS_MIO28_501,53.197,53.732,,,,,,,,,,,,,,,,,,,,
501,M10,PS8_X0Y0,PS_MIO29_501,73.332,74.069,,,,,,,,,,,,,,,,,,,,
501,K14,PS8_X0Y0,PS_MIO30_501,52.52,53.048,,,,,,,,,,,,,,,,,,,,
501,J12,PS8_X0Y0,PS_MIO31_501,52.348,52.875,,,,,,,,,,,,,,,,,,,,
501,M9,PS8_X0Y0,PS_MIO32_501,74.846,75.599,,,,,,,,,,,,,,,,,,,,
501,H14,PS8_X0Y0,PS_MIO33_501,46.014,46.477,,,,,,,,,,,,,,,,,,,,
501,K13,PS8_X0Y0,PS_MIO34_501,55.043,55.596,,,,,,,,,,,,,,,,,,,,
501,K15,PS8_X0Y0,PS_MIO35_501,48.989,49.481,,,,,,,,,,,,,,,,,,,,
501,M12,PS8_X0Y0,PS_MIO36_501,68.117,68.802,,,,,,,,,,,,,,,,,,,,
501,N9,PS8_X0Y0,PS_MIO37_501,76.072,76.837,,,,,,,,,,,,,,,,,,,,
501,K12,PS8_X0Y0,PS_MIO38_501,64.116,64.761,,,,,,,,,,,,,,,,,,,,
501,K9,PS8_X0Y0,PS_MIO39_501,78.184,78.97,,,,,,,,,,,,,,,,,,,,
501,L15,PS8_X0Y0,PS_MIO40_501,49.479,49.977,,,,,,,,,,,,,,,,,,,,
501,L13,PS8_X0Y0,PS_MIO41_501,61.606,62.225,,,,,,,,,,,,,,,,,,,,
501,J9,PS8_X0Y0,PS_MIO42_501,84.36,85.207,,,,,,,,,,,,,,,,,,,,
501,J15,PS8_X0Y0,PS_MIO43_501,41.189,41.603,,,,,,,,,,,,,,,,,,,,
501,M13,PS8_X0Y0,PS_MIO44_501,63.074,63.708,,,,,,,,,,,,,,,,,,,,
501,N10,PS8_X0Y0,PS_MIO45_501,75.828,76.59,,,,,,,,,,,,,,,,,,,,
501,N14,PS8_X0Y0,PS_MIO46_501,65.062,65.716,,,,,,,,,,,,,,,,,,,,
501,N13,PS8_X0Y0,PS_MIO47_501,64.682,65.332,,,,,,,,,,,,,,,,,,,,
501,N12,PS8_X0Y0,PS_MIO48_501,71.57,72.29,,,,,,,,,,,,,,,,,,,,
501,M14,PS8_X0Y0,PS_MIO49_501,67.139,67.814,,,,,,,,,,,,,,,,,,,,
501,J10,PS8_X0Y0,PS_MIO50_501,86.408,87.276,,,,,,,,,,,,,,,,,,,,
501,K10,PS8_X0Y0,PS_MIO51_501,85.061,85.916,,,,,,,,,,,,,,,,,,,,
501,D19,,VCCO_PSIO1_501,,,,,,,,,,,,,,,,,,,,,,
501,D21,,VCCO_PSIO1_501,,,,,,,,,,,,,,,,,,,,,,
502,F16,PS8_X0Y0,PS_MIO52_502,46.017,46.48,,,,,,,,,,,,,,,,,,,,
502,G15,PS8_X0Y0,PS_MIO53_502,52.175,52.699,,,,,,,,,,,,,,,,,,,,
502,E16,PS8_X0Y0,PS_MIO54_502,37.183,37.557,,,,,,,,,,,,,,,,,,,,
502,D14,PS8_X0Y0,PS_MIO55_502,50.964,51.477,,,,,,,,,,,,,,,,,,,,
502,F15,PS8_X0Y0,PS_MIO56_502,45.821,46.282,,,,,,,,,,,,,,,,,,,,
502,C19,PS8_X0Y0,PS_MIO57_502,21.854,22.074,,,,,,,,,,,,,,,,,,,,
502,D18,PS8_X0Y0,PS_MIO58_502,33.86,34.2,,,,,,,,,,,,,,,,,,,,
502,C18,PS8_X0Y0,PS_MIO59_502,30.977,31.288,,,,,,,,,,,,,,,,,,,,
502,C15,PS8_X0Y0,PS_MIO60_502,43.811,44.251,,,,,,,,,,,,,,,,,,,,
502,C16,PS8_X0Y0,PS_MIO61_502,39.735,40.134,,,,,,,,,,,,,,,,,,,,
502,B16,PS8_X0Y0,PS_MIO62_502,35.729,36.088,,,,,,,,,,,,,,,,,,,,
502,D15,PS8_X0Y0,PS_MIO63_502,46.979,47.451,,,,,,,,,,,,,,,,,,,,
502,B15,PS8_X0Y0,PS_MIO64_502,44.244,44.688,,,,,,,,,,,,,,,,,,,,
502,B13,PS8_X0Y0,PS_MIO65_502,52.694,53.223,,,,,,,,,,,,,,,,,,,,
502,B12,PS8_X0Y0,PS_MIO66_502,57.727,58.307,,,,,,,,,,,,,,,,,,,,
502,A12,PS8_X0Y0,PS_MIO67_502,57.567,58.146,,,,,,,,,,,,,,,,,,,,
502,A13,PS8_X0Y0,PS_MIO68_502,53.846,54.387,,,,,,,,,,,,,,,,,,,,
502,A14,PS8_X0Y0,PS_MIO69_502,55.952,56.514,,,,,,,,,,,,,,,,,,,,
502,B19,PS8_X0Y0,PS_MIO70_502,29.41,29.705,,,,,,,,,,,,,,,,,,,,
502,A15,PS8_X0Y0,PS_MIO71_502,51.798,52.319,,,,,,,,,,,,,,,,,,,,
502,B18,PS8_X0Y0,PS_MIO72_502,37.317,37.693,,,,,,,,,,,,,,,,,,,,
502,A17,PS8_X0Y0,PS_MIO73_502,45.383,45.839,,,,,,,,,,,,,,,,,,,,
502,A18,PS8_X0Y0,PS_MIO74_502,42.139,42.562,,,,,,,,,,,,,,,,,,,,
502,A16,PS8_X0Y0,PS_MIO75_502,41.294,41.709,,,,,,,,,,,,,,,,,,,,
502,A20,PS8_X0Y0,PS_MIO76_502,35.165,35.518,,,,,,,,,,,,,,,,,,,,
502,A19,PS8_X0Y0,PS_MIO77_502,33.409,33.745,,,,,,,,,,,,,,,,,,,,
502,D23,,VCCO_PSIO2_502,,,,,,,,,,,,,,,,,,,,,,
502,D25,,VCCO_PSIO2_502,,,,,,,,,,,,,,,,,,,,,,
503,A25,PS8_X0Y0,PS_DONE_503,29.1,29.392,,,,,,,,,,,,,,,,,,,,
503,C20,PS8_X0Y0,PS_ERROR_OUT_503,36.276,36.64,,,,,,,,,,,,,,,,,,,,
503,A22,PS8_X0Y0,PS_ERROR_STATUS_503,30.749,31.058,,,,,,,,,,,,,,,,,,,,
503,F24,PS8_X0Y0,PS_INIT_B_503,18.347,18.532,,,,,,,,,,,,,,,,,,,,
503,E22,PS8_X0Y0,PS_JTAG_TCK_503,28.773,29.062,,,,,,,,,,,,,,,,,,,,
503,F23,PS8_X0Y0,PS_JTAG_TDI_503,25.064,25.316,,,,,,,,,,,,,,,,,,,,
503,B22,PS8_X0Y0,PS_JTAG_TDO_503,32.778,33.108,,,,,,,,,,,,,,,,,,,,
503,A23,PS8_X0Y0,PS_JTAG_TMS_503,33.361,33.696,,,,,,,,,,,,,,,,,,,,
503,B20,PS8_X0Y0,PS_MODE0_503,35.03,35.382,,,,,,,,,,,,,,,,,,,,
503,C23,PS8_X0Y0,PS_MODE1_503,25.642,25.899,,,,,,,,,,,,,,,,,,,,
503,C24,PS8_X0Y0,PS_MODE2_503,21.383,21.598,,,,,,,,,,,,,,,,,,,,
503,B23,PS8_X0Y0,PS_MODE3_503,27.523,27.799,,,,,,,,,,,,,,,,,,,,
503,C21,PS8_X0Y0,PS_PADI_503,27.989,28.271,,,,,,,,,,,,,,,,,,,,
503,C22,PS8_X0Y0,PS_PADO_503,23.359,23.594,,,,,,,,,,,,,,,,,,,,
503,A24,PS8_X0Y0,PS_POR_B_503,32.749,33.078,,,,,,,,,,,,,,,,,,,,
503,G23,PS8_X0Y0,PS_PROG_B_503,23.639,23.877,,,,,,,,,,,,,,,,,,,,
503,B25,PS8_X0Y0,PS_REF_CLK_503,19.817,20.016,,,,,,,,,,,,,,,,,,,,
503,A21,PS8_X0Y0,PS_SRST_B_503,42.511,42.939,,,,,,,,,,,,,,,,,,,,
503,E25,,VCCO_PSIO3_503,,,,,,,,,,,,,,,,,,,,,,
503,F25,,VCCO_PSIO3_503,,,,,,,,,,,,,,,,,,,,,,
504,U19,PS8_X0Y0,PS_DDR_A0_504,36.644,37.012,,,,,,,,,,,,,,,,,,,,
504,T15,PS8_X0Y0,PS_DDR_A10_504,54.636,55.185,,,,,,,,,,,,,,,,,,,,
504,V16,PS8_X0Y0,PS_DDR_A11_504,48.018,48.5,,,,,,,,,,,,,,,,,,,,
504,V14,PS8_X0Y0,PS_DDR_A12_504,44.318,44.764,,,,,,,,,,,,,,,,,,,,
504,U13,PS8_X0Y0,PS_DDR_A13_504,52.362,52.888,,,,,,,,,,,,,,,,,,,,
504,V15,PS8_X0Y0,PS_DDR_A14_504,42.124,42.548,,,,,,,,,,,,,,,,,,,,
504,T13,PS8_X0Y0,PS_DDR_A15_504,51.376,51.893,,,,,,,,,,,,,,,,,,,,
504,U14,PS8_X0Y0,PS_DDR_A16_504,50.117,50.62,,,,,,,,,,,,,,,,,,,,
504,R13,PS8_X0Y0,PS_DDR_A17_504,56.363,56.929,,,,,,,,,,,,,,,,,,,,
504,U22,PS8_X0Y0,PS_DDR_A1_504,31.84,32.16,,,,,,,,,,,,,,,,,,,,
504,T20,PS8_X0Y0,PS_DDR_A2_504,35.549,35.906,,,,,,,,,,,,,,,,,,,,
504,T21,PS8_X0Y0,PS_DDR_A3_504,34.231,34.575,,,,,,,,,,,,,,,,,,,,
504,T22,PS8_X0Y0,PS_DDR_A4_504,35.775,36.134,,,,,,,,,,,,,,,,,,,,
504,V19,PS8_X0Y0,PS_DDR_A5_504,36.472,36.838,,,,,,,,,,,,,,,,,,,,
504,T17,PS8_X0Y0,PS_DDR_A6_504,47.363,47.84,,,,,,,,,,,,,,,,,,,,
504,V20,PS8_X0Y0,PS_DDR_A7_504,37.432,37.809,,,,,,,,,,,,,,,,,,,,
504,T18,PS8_X0Y0,PS_DDR_A8_504,41.331,41.746,,,,,,,,,,,,,,,,,,,,
504,T14,PS8_X0Y0,PS_DDR_A9_504,52.706,53.236,,,,,,,,,,,,,,,,,,,,
504,U20,PS8_X0Y0,PS_DDR_ACT_N_504,32.666,32.995,,,,,,,,,,,,,,,,,,,,
504,T26,PS8_X0Y0,PS_DDR_ALERT_N_504,26.099,26.361,,,,,,,,,,,,,,,,,,,,
504,V21,PS8_X0Y0,PS_DDR_BA0_504,35.844,36.204,,,,,,,,,,,,,,,,,,,,
504,V22,PS8_X0Y0,PS_DDR_BA1_504,31.968,32.29,,,,,,,,,,,,,,,,,,,,
504,V23,PS8_X0Y0,PS_DDR_BG0_504,32.767,33.096,,,,,,,,,,,,,,,,,,,,
504,T24,PS8_X0Y0,PS_DDR_BG1_504,35.343,35.699,,,,,,,,,,,,,,,,,,,,
504,V18,PS8_X0Y0,PS_DDR_CK0_504,47.427,47.904,,,,,,,,,,,,,,,,,,,,
504,U16,PS8_X0Y0,PS_DDR_CK1_504,44.159,44.603,,,,,,,,,,,,,,,,,,,,
504,V24,PS8_X0Y0,PS_DDR_CKE0_504,36.284,36.649,,,,,,,,,,,,,,,,,,,,
504,T27,PS8_X0Y0,PS_DDR_CKE1_504,34.494,34.841,,,,,,,,,,,,,,,,,,,,
504,V17,PS8_X0Y0,PS_DDR_CK_N0_504,48.599,49.088,,,,,,,,,,,,,,,,,,,,
504,U17,PS8_X0Y0,PS_DDR_CK_N1_504,44.923,45.374,,,,,,,,,,,,,,,,,,,,
504,T25,PS8_X0Y0,PS_DDR_CS_N0_504,33.203,33.537,,,,,,,,,,,,,,,,,,,,
504,V25,PS8_X0Y0,PS_DDR_CS_N1_504,33.113,33.446,,,,,,,,,,,,,,,,,,,,
504,P7,PS8_X0Y0,PS_DDR_DM0_504,59.149,59.743,,,,,,,,,,,,,,,,,,,,
504,R14,PS8_X0Y0,PS_DDR_DM1_504,57.362,57.939,,,,,,,,,,,,,,,,,,,,
504,N15,PS8_X0Y0,PS_DDR_DM2_504,25.121,25.373,,,,,,,,,,,,,,,,,,,,
504,P24,PS8_X0Y0,PS_DDR_DM3_504,12.417,12.542,,,,,,,,,,,,,,,,,,,,
504,P31,PS8_X0Y0,PS_DDR_DM8_504,13.72,13.857,,,,,,,,,,,,,,,,,,,,
504,R10,PS8_X0Y0,PS_DDR_DQ0_504,56.607,57.176,,,,,,,,,,,,,,,,,,,,
504,R9,PS8_X0Y0,PS_DDR_DQ10_504,64.011,64.654,,,,,,,,,,,,,,,,,,,,
504,T9,PS8_X0Y0,PS_DDR_DQ11_504,58.738,59.328,,,,,,,,,,,,,,,,,,,,
504,U11,PS8_X0Y0,PS_DDR_DQ12_504,54.365,54.911,,,,,,,,,,,,,,,,,,,,
504,T12,PS8_X0Y0,PS_DDR_DQ13_504,52.796,53.327,,,,,,,,,,,,,,,,,,,,
504,V13,PS8_X0Y0,PS_DDR_DQ14_504,48.67,49.159,,,,,,,,,,,,,,,,,,,,
504,P12,PS8_X0Y0,PS_DDR_DQ15_504,58.705,59.295,,,,,,,,,,,,,,,,,,,,
504,R16,PS8_X0Y0,PS_DDR_DQ16_504,26.06,26.322,,,,,,,,,,,,,,,,,,,,
504,P20,PS8_X0Y0,PS_DDR_DQ17_504,9.112,9.204,,,,,,,,,,,,,,,,,,,,
504,R15,PS8_X0Y0,PS_DDR_DQ18_504,29.78,30.079,,,,,,,,,,,,,,,,,,,,
504,P16,PS8_X0Y0,PS_DDR_DQ19_504,21.744,21.962,,,,,,,,,,,,,,,,,,,,
504,U10,PS8_X0Y0,PS_DDR_DQ1_504,47.282,47.757,,,,,,,,,,,,,,,,,,,,
504,P18,PS8_X0Y0,PS_DDR_DQ20_504,17.219,17.392,,,,,,,,,,,,,,,,,,,,
504,M16,PS8_X0Y0,PS_DDR_DQ21_504,19.862,20.061,,,,,,,,,,,,,,,,,,,,
504,M15,PS8_X0Y0,PS_DDR_DQ22_504,27.612,27.889,,,,,,,,,,,,,,,,,,,,
504,P15,PS8_X0Y0,PS_DDR_DQ23_504,21.332,21.547,,,,,,,,,,,,,,,,,,,,
504,N21,PS8_X0Y0,PS_DDR_DQ24_504,9.093,9.184,,,,,,,,,,,,,,,,,,,,
504,P22,PS8_X0Y0,PS_DDR_DQ25_504,9.807,9.905,,,,,,,,,,,,,,,,,,,,
504,M20,PS8_X0Y0,PS_DDR_DQ26_504,18.84,19.029,,,,,,,,,,,,,,,,,,,,
504,M21,PS8_X0Y0,PS_DDR_DQ27_504,13.246,13.379,,,,,,,,,,,,,,,,,,,,
504,M24,PS8_X0Y0,PS_DDR_DQ28_504,18.337,18.521,,,,,,,,,,,,,,,,,,,,
504,N24,PS8_X0Y0,PS_DDR_DQ29_504,15.116,15.268,,,,,,,,,,,,,,,,,,,,
504,T10,PS8_X0Y0,PS_DDR_DQ2_504,50.302,50.808,,,,,,,,,,,,,,,,,,,,
504,P25,PS8_X0Y0,PS_DDR_DQ30_504,15.034,15.185,,,,,,,,,,,,,,,,,,,,
504,P23,PS8_X0Y0,PS_DDR_DQ31_504,8.928,9.017,,,,,,,,,,,,,,,,,,,,
504,V10,PS8_X0Y0,PS_DDR_DQ3_504,47.418,47.894,,,,,,,,,,,,,,,,,,,,
504,V9,PS8_X0Y0,PS_DDR_DQ4_504,48.725,49.214,,,,,,,,,,,,,,,,,,,,
504,V7,PS8_X0Y0,PS_DDR_DQ5_504,52.004,52.526,,,,,,,,,,,,,,,,,,,,
504,R27,PS8_X0Y0,PS_DDR_DQ64_504,11.702,11.82,,,,,,,,,,,,,,,,,,,,
504,T28,PS8_X0Y0,PS_DDR_DQ65_504,12.845,12.974,,,,,,,,,,,,,,,,,,,,
504,R28,PS8_X0Y0,PS_DDR_DQ66_504,7.416,7.491,,,,,,,,,,,,,,,,,,,,
504,V28,PS8_X0Y0,PS_DDR_DQ67_504,19.463,19.658,,,,,,,,,,,,,,,,,,,,
504,U28,PS8_X0Y0,PS_DDR_DQ68_504,20.678,20.886,,,,,,,,,,,,,,,,,,,,
504,T31,PS8_X0Y0,PS_DDR_DQ69_504,16.761,16.93,,,,,,,,,,,,,,,,,,,,
504,U7,PS8_X0Y0,PS_DDR_DQ6_504,53.18,53.714,,,,,,,,,,,,,,,,,,,,
504,T30,PS8_X0Y0,PS_DDR_DQ70_504,20.631,20.838,,,,,,,,,,,,,,,,,,,,
504,R30,PS8_X0Y0,PS_DDR_DQ71_504,18.5,18.685,,,,,,,,,,,,,,,,,,,,
504,T7,PS8_X0Y0,PS_DDR_DQ7_504,54.288,54.834,,,,,,,,,,,,,,,,,,,,
504,P9,PS8_X0Y0,PS_DDR_DQ8_504,60.799,61.41,,,,,,,,,,,,,,,,,,,,
504,P10,PS8_X0Y0,PS_DDR_DQ9_504,61.353,61.969,,,,,,,,,,,,,,,,,,,,
504,V8,PS8_X0Y0,PS_DDR_DQS_N0_504,54.915,55.467,,,,,,,,,,,,,,,,,,,,
504,V12,PS8_X0Y0,PS_DDR_DQS_N1_504,53.239,53.774,,,,,,,,,,,,,,,,,,,,
504,M19,PS8_X0Y0,PS_DDR_DQS_N2_504,15.282,15.435,,,,,,,,,,,,,,,,,,,,
504,M23,PS8_X0Y0,PS_DDR_DQS_N3_504,15.875,16.035,,,,,,,,,,,,,,,,,,,,
504,V29,PS8_X0Y0,PS_DDR_DQS_N8_504,25.262,25.516,,,,,,,,,,,,,,,,,,,,
504,U8,PS8_X0Y0,PS_DDR_DQS_P0_504,52.668,53.197,,,,,,,,,,,,,,,,,,,,
504,V11,PS8_X0Y0,PS_DDR_DQS_P1_504,53.058,53.592,,,,,,,,,,,,,,,,,,,,
504,M18,PS8_X0Y0,PS_DDR_DQS_P2_504,17.702,17.88,,,,,,,,,,,,,,,,,,,,
504,M22,PS8_X0Y0,PS_DDR_DQS_P3_504,14.02,14.161,,,,,,,,,,,,,,,,,,,,
504,U29,PS8_X0Y0,PS_DDR_DQS_P8_504,22.715,22.944,,,,,,,,,,,,,,,,,,,,
504,U23,PS8_X0Y0,PS_DDR_ODT0_504,33.657,33.995,,,,,,,,,,,,,,,,,,,,
504,U26,PS8_X0Y0,PS_DDR_ODT1_504,32.58,32.907,,,,,,,,,,,,,,,,,,,,
504,U25,PS8_X0Y0,PS_DDR_PARITY_504,30.961,31.273,,,,,,,,,,,,,,,,,,,,
504,V26,PS8_X0Y0,PS_DDR_RAM_RST_N_504,23.982,24.223,,,,,,,,,,,,,,,,,,,,
504,V27,PS8_X0Y0,PS_DDR_ZQ_504,22.326,22.55,,,,,,,,,,,,,,,,,,,,
504,P19,,VCCO_PSDDR_504,,,,,,,,,,,,,,,,,,,,,,
504,P21,,VCCO_PSDDR_504,,,,,,,,,,,,,,,,,,,,,,
504,P30,,VCCO_PSDDR_504,,,,,,,,,,,,,,,,,,,,,,
504,R26,,VCCO_PSDDR_504,,,,,,,,,,,,,,,,,,,,,,
504,T19,,VCCO_PSDDR_504,,,,,,,,,,,,,,,,,,,,,,
504,T23,,VCCO_PSDDR_504,,,,,,,,,,,,,,,,,,,,,,
,C6,SYSMONE4_X0Y0,VN,21.392,21.607,,,,,,,,,,,,,,,,,,,,
,B7,SYSMONE4_X0Y0,VP,22.11,22.332,,,,,,,,,,,,,,,,,,,,
,A1,,GND,,,,,,,,,,,,,,,,,,,,GND,GND,
,A2,,GND,,,,,,,,,,,,,,,,,,,,GND,GND,
,A26,,GND,,,,,,,,,,,,,,,,,,,,GND,GND,
,A29,,GND,,,,,,,,,,,,,,,,,,,,GND,GND,
,A30,,GND,,,,,,,,,,,,,,,,,,,,GND,GND,
,A31,,GND,,,,,,,,,,,,,,,,,,,,GND,GND,
,B1,,GND,,,,,,,,,,,,,,,,,,,,GND,GND,
,B11,,GND,,,,,,,,,,,,,,,,,,,,GND,GND,
,B14,,GND,,,,,,,,,,,,,,,,,,,,GND,GND,
,B17,,GND,,,,,,,,,,,,,,,,,,,,GND,GND,
,B21,,GND,,,,,,,,,,,,,,,,,,,,GND,GND,
,B24,,GND,,,,,,,,,,,,,,,,,,,,GND,GND,
,B26,,GND,,,,,,,,,,,,,,,,,,,,GND,GND,
,B27,,GND,,,,,,,,,,,,,,,,,,,,GND,GND,
,B28,,GND,,,,,,,,,,,,,,,,,,,,GND,GND,
,B3,,GND,,,,,,,,,,,,,,,,,,,,GND,GND,
,B30,,GND,,,,,,,,,,,,,,,,,,,,GND,GND,
,B31,,GND,,,,,,,,,,,,,,,,,,,,GND,GND,
,B5,,GND,,,,,,,,,,,,,,,,,,,,GND,GND,
,B8,,GND,,,,,,,,,,,,,,,,,,,,GND,GND,
,C11,,VCCINT,,,,,,,,,,,,,,,,,,,,,,
,C12,,GND,,,,,,,,,,,,,,,,,,,,GND,GND,
,C17,,VCCBRAM,,,,,,,,,,,,,,,,,,,,,,
,C2,,GND,,,,,,,,,,,,,,,,,,,,GND,GND,
,C25,,VCC_PSBATT,,,,,,,,,,,,,,,,,,,,,,
,C26,,GND,,,,,,,,,,,,,,,,,,,,GND,GND,
,C30,,GND,,,,,,,,,,,,,,,,,,,,GND,GND,
,C31,,GND,,,,,,,,,,,,,,,,,,,,GND,GND,
,C5,,VCCINT,,,,,,,,,,,,,,,,,,,,,,
,C8,,GND,,,,,,,,,,,,,,,,,,,,GND,GND,
,C9,,VCCAUX,,,,,,,,,,,,,,,,,,,,VCCAUX,1.8,
,D11,,GND,,,,,,,,,,,,,,,,,,,,GND,GND,
,D12,,VCCBRAM,,,,,,,,,,,,,,,,,,,,,,
,D16,,VCCINT,,,,,,,,,,,,,,,,,,,,,,
,D17,,GND,,,,,,,,,,,,,,,,,,,,GND,GND,
,D20,,GND,,,,,,,,,,,,,,,,,,,,GND,GND,
,D22,,GND,,,,,,,,,,,,,,,,,,,,GND,GND,
,D24,,GND,,,,,,,,,,,,,,,,,,,,GND,GND,
,D26,,GND,,,,,,,,,,,,,,,,,,,,GND,GND,
,D27,,PS_MGTRAVCC,14.723,14.871,,,,,,,,,,,,,,,,,,,,
,D28,,GND,,,,,,,,,,,,,,,,,,,,GND,GND,
,D5,,VCCINT_IO,,,,,,,,,,,,,,,,,,,,,,
,D8,,VCCINT,,,,,,,,,,,,,,,,,,,,,,
,E11,,VCCAUX,,,,,,,,,,,,,,,,,,,,VCCAUX,1.8,
,E13,,VCCINT,,,,,,,,,,,,,,,,,,,,,,
,E14,,GND,,,,,,,,,,,,,,,,,,,,GND,GND,
,E15,,VCCAUX_IO,,,,,,,,,,,,,,,,,,,,,,
,E17,,VCCAUX,,,,,,,,,,,,,,,,,,,,VCCAUX,1.8,
,E18,,VCC_PSAUX,,,,,,,,,,,,,,,,,,,,,,
,E19,,GND,,,,,,,,,,,,,,,,,,,,GND,GND,
,E20,,VCC_PSAUX,,,,,,,,,,,,,,,,,,,,,,
,E21,,GND,,,,,,,,,,,,,,,,,,,,GND,GND,
,E23,,GND,,,,,,,,,,,,,,,,,,,,GND,GND,
,E24,,VCC_PSAUX,,,,,,,,,,,,,,,,,,,,,,
,E26,,GND,,,,,,,,,,,,,,,,,,,,GND,GND,
,E30,,PS_MGTRAVTT,29.47,29.767,,,,,,,,,,,,,,,,,,,,
,E31,,GND,,,,,,,,,,,,,,,,,,,,GND,GND,
,E5,,GND,,,,,,,,,,,,,,,,,,,,GND,GND,
,E7,,VCCBRAM,,,,,,,,,,,,,,,,,,,,,,
,E8,,GND,,,,,,,,,,,,,,,,,,,,GND,GND,
,F11,,GND,,,,,,,,,,,,,,,,,,,,GND,GND,
,F14,,GND,,,,,,,,,,,,,,,,,,,,GND,GND,
,F17,,VCC_PSINTLP,,,,,,,,,,,,,,,,,,,,,,
,F2,,GND,,,,,,,,,,,,,,,,,,,,GND,GND,
,F22,,VCC_PSINTLP,,,,,,,,,,,,,,,,,,,,,,
,F26,,GND,,,,,,,,,,,,,,,,,,,,GND,GND,
,F27,,PS_MGTRAVCC,,,,,,,,,,,,,,,,,,,,,,
,F28,,GND,,,,,,,,,,,,,,,,,,,,GND,GND,
,F5,,GND,,,,,,,,,,,,,,,,,,,,GND,GND,
,F6,,VCCINT,,,,,,,,,,,,,,,,,,,,,,
,F8,,VCCINT,,,,,,,,,,,,,,,,,,,,,,
,G11,,VCCINT,,,,,,,,,,,,,,,,,,,,,,
,G16,,VCCINT,,,,,,,,,,,,,,,,,,,,,,
,G17,,GND,,,,,,,,,,,,,,,,,,,,GND,GND,
,G19,,GND,,,,,,,,,,,,,,,,,,,,GND,GND,
,G20,,VCC_PSPLL,,,,,,,,,,,,,,,,,,,,,,
,G21,,VCC_PSPLL,,,,,,,,,,,,,,,,,,,,,,
,G22,,GND,,,,,,,,,,,,,,,,,,,,GND,GND,
,G24,,GND_PSADC,11.353,11.467,,,,,,,,,,,,,,,,,,,,
,G25,,VCC_PSINTLP,,,,,,,,,,,,,,,,,,,,,,
,G26,,GND,,,,,,,,,,,,,,,,,,,,GND,GND,
,G30,,PS_MGTRAVTT,,,,,,,,,,,,,,,,,,,,,,
,G31,,GND,,,,,,,,,,,,,,,,,,,,GND,GND,
,G4,,VCCAUX_IO,,,,,,,,,,,,,,,,,,,,,,
,G8,,GND,,,,,,,,,,,,,,,,,,,,GND,GND,
,H11,,GND,,,,,,,,,,,,,,,,,,,,GND,GND,
,H12,,VCCBRAM,,,,,,,,,,,,,,,,,,,,,,
,H20,,VCC_PSINTLP,,,,,,,,,,,,,,,,,,,,,,
,H24,,GND,,,,,,,,,,,,,,,,,,,,GND,GND,
,H25,,VCC_PSADC,10.542,10.648,,,,,,,,,,,,,,,,,,,,
,H26,,GND,,,,,,,,,,,,,,,,,,,,GND,GND,
,H27,,PS_MGTRAVCC,,,,,,,,,,,,,,,,,,,,,,
,H28,,GND,,,,,,,,,,,,,,,,,,,,GND,GND,
,H4,,VCCAUX_IO,,,,,,,,,,,,,,,,,,,,,,
,H6,,GND,,,,,,,,,,,,,,,,,,,,GND,GND,
,J13,,VCCINT,,,,,,,,,,,,,,,,,,,,,,
,J14,,GND,,,,,,,,,,,,,,,,,,,,GND,GND,
,J17,,VCCINT,,,,,,,,,,,,,,,,,,,,,,
,J19,,VCC_PSINTFP,,,,,,,,,,,,,,,,,,,,,,
,J2,,GND,,,,,,,,,,,,,,,,,,,,GND,GND,
,J22,,VCC_PSINTFP,,,,,,,,,,,,,,,,,,,,,,
,J24,,VCC_PSINTFP,,,,,,,,,,,,,,,,,,,,,,
,J25,,VCC_PSINTFP,,,,,,,,,,,,,,,,,,,,,,
,J26,,GND,,,,,,,,,,,,,,,,,,,,GND,GND,
,J30,,PS_MGTRAVTT,,,,,,,,,,,,,,,,,,,,,,
,J31,,GND,,,,,,,,,,,,,,,,,,,,GND,GND,
,J5,,GND,,,,,,,,,,,,,,,,,,,,GND,GND,
,J8,,GND,,,,,,,,,,,,,,,,,,,,GND,GND,
,K11,,VCCAUX,,,,,,,,,,,,,,,,,,,,VCCAUX,1.8,
,K16,,VCCAUX,,,,,,,,,,,,,,,,,,,,VCCAUX,1.8,
,K17,,GND,,,,,,,,,,,,,,,,,,,,GND,GND,
,K18,,VCC_PSINTFP,,,,,,,,,,,,,,,,,,,,,,
,K19,,GND,,,,,,,,,,,,,,,,,,,,GND,GND,
,K22,,GND,,,,,,,,,,,,,,,,,,,,GND,GND,
,K26,,GND,,,,,,,,,,,,,,,,,,,,GND,GND,
,K27,,GND,,,,,,,,,,,,,,,,,,,,GND,GND,
,K28,,GND,,,,,,,,,,,,,,,,,,,,GND,GND,
,K5,,VCCINT_IO,,,,,,,,,,,,,,,,,,,,,,
,K8,,VCCINT,,,,,,,,,,,,,,,,,,,,,,
,L11,,GND,,,,,,,,,,,,,,,,,,,,GND,GND,
,L12,,VCCBRAM,,,,,,,,,,,,,,,,,,,,,,
,L14,,GND,,,,,,,,,,,,,,,,,,,,GND,GND,
,L17,,VCCINT,,,,,,,,,,,,,,,,,,,,,,
,L19,,VCC_PSAUX,,,,,,,,,,,,,,,,,,,,,,
,L22,,VCC_PSINTFP,,,,,,,,,,,,,,,,,,,,,,
,L24,,GND,,,,,,,,,,,,,,,,,,,,GND,GND,
,L25,,VCC_PSINTFP,,,,,,,,,,,,,,,,,,,,,,
,L26,,GND,,,,,,,,,,,,,,,,,,,,GND,GND,
,L30,,GND,,,,,,,,,,,,,,,,,,,,GND,GND,
,L31,,GND,,,,,,,,,,,,,,,,,,,,GND,GND,
,L4,,VCCAUX_IO,,,,,,,,,,,,,,,,,,,,,,
,L5,,GND,,,,,,,,,,,,,,,,,,,,GND,GND,
,L7,,VCCBRAM,,,,,,,,,,,,,,,,,,,,,,
,L8,,GND,,,,,,,,,,,,,,,,,,,,GND,GND,
,M11,,VCCINT,,,,,,,,,,,,,,,,,,,,,,
,M17,,VCCBRAM,,,,,,,,,,,,,,,,,,,,,,
,M2,,GND,,,,,,,,,,,,,,,,,,,,GND,GND,
,M25,,VCC_PSINTFP_DDR,,,,,,,,,,,,,,,,,,,,,,
,M26,,GND,,,,,,,,,,,,,,,,,,,,GND,GND,
,M27,,GND,,,,,,,,,,,,,,,,,,,,GND,GND,
,M28,,GND,,,,,,,,,,,,,,,,,,,,GND,GND,
,M6,,VCCINT,,,,,,,,,,,,,,,,,,,,,,
,M8,,VCCAUX,,,,,,,,,,,,,,,,,,,,VCCAUX,1.8,
,N11,,GND,,,,,,,,,,,,,,,,,,,,GND,GND,
,N16,,VCCINT,,,,,,,,,,,,,,,,,,,,,,
,N17,,GND,,,,,,,,,,,,,,,,,,,,GND,GND,
,N18,,VCC_PSINTFP,,,,,,,,,,,,,,,,,,,,,,
,N19,,GND,,,,,,,,,,,,,,,,,,,,GND,GND,
,N20,,VCC_PSINTFP,,,,,,,,,,,,,,,,,,,,,,
,N22,,GND,,,,,,,,,,,,,,,,,,,,GND,GND,
,N23,,VCC_PSINTFP,,,,,,,,,,,,,,,,,,,,,,
,N25,,VCC_PSINTFP_DDR,,,,,,,,,,,,,,,,,,,,,,
,N26,,GND,,,,,,,,,,,,,,,,,,,,GND,GND,
,N30,,GND,,,,,,,,,,,,,,,,,,,,GND,GND,
,N31,,GND,,,,,,,,,,,,,,,,,,,,GND,GND,
,N5,,GND,,,,,,,,,,,,,,,,,,,,GND,GND,
,N8,,GND,,,,,,,,,,,,,,,,,,,,GND,GND,
,P11,,VCCAUX,,,,,,,,,,,,,,,,,,,,VCCAUX,1.8,
,P13,,VCCINT,,,,,,,,,,,,,,,,,,,,,,
,P14,,GND,,,,,,,,,,,,,,,,,,,,GND,GND,
,P17,,VCCAUX,,,,,,,,,,,,,,,,,,,,VCCAUX,1.8,
,P26,,GND,,,,,,,,,,,,,,,,,,,,GND,GND,
,P27,,GND,,,,,,,,,,,,,,,,,,,,GND,GND,
,P28,,GND,,,,,,,,,,,,,,,,,,,,GND,GND,
,P5,,VCCINT_IO,,,,,,,,,,,,,,,,,,,,,,
,P8,,VCCINT,,,,,,,,,,,,,,,,,,,,,,
,R11,,GND,,,,,,,,,,,,,,,,,,,,GND,GND,
,R12,,VCCBRAM,,,,,,,,,,,,,,,,,,,,,,
,R17,,GND,,,,,,,,,,,,,,,,,,,,GND,GND,
,R18,,VCC_PSINTFP_DDR,,,,,,,,,,,,,,,,,,,,,,
,R19,,GND,,,,,,,,,,,,,,,,,,,,GND,GND,
,R2,,GND,,,,,,,,,,,,,,,,,,,,GND,GND,
,R20,,VCC_PSDDR_PLL,,,,,,,,,,,,,,,,,,,,,,
,R21,,GND,,,,,,,,,,,,,,,,,,,,GND,GND,
,R22,,VCC_PSINTFP_DDR,,,,,,,,,,,,,,,,,,,,,,
,R23,,GND,,,,,,,,,,,,,,,,,,,,GND,GND,
,R24,,VCC_PSINTFP_DDR,,,,,,,,,,,,,,,,,,,,,,
,R25,,GND,,,,,,,,,,,,,,,,,,,,GND,GND,
,R31,,GND,,,,,,,,,,,,,,,,,,,,GND,GND,
,R4,,VCCAUX,,,,,,,,,,,,,,,,,,,,VCCAUX,1.8,
,R5,,GND,,,,,,,,,,,,,,,,,,,,GND,GND,
,R6,,VCCINT,,,,,,,,,,,,,,,,,,,,,,
,R7,,VCCBRAM,,,,,,,,,,,,,,,,,,,,,,
,R8,,GND,,,,,,,,,,,,,,,,,,,,GND,GND,
,T11,,VCCINT,,,,,,,,,,,,,,,,,,,,,,
,T16,,VCCINT,,,,,,,,,,,,,,,,,,,,,,
,T5,,VCCAUX_IO,,,,,,,,,,,,,,,,,,,,,,
,T8,,VCCAUX,,,,,,,,,,,,,,,,,,,,VCCAUX,1.8,
,U1,,GND,,,,,,,,,,,,,,,,,,,,GND,GND,
,U12,,GND,,,,,,,,,,,,,,,,,,,,GND,GND,
,U15,,GND,,,,,,,,,,,,,,,,,,,,GND,GND,
,U18,,GND,,,,,,,,,,,,,,,,,,,,GND,GND,
,U21,,GND,,,,,,,,,,,,,,,,,,,,GND,GND,
,U24,,GND,,,,,,,,,,,,,,,,,,,,GND,GND,
,U27,,GND,,,,,,,,,,,,,,,,,,,,GND,GND,
,U3,,GND,,,,,,,,,,,,,,,,,,,,GND,GND,
,U30,,GND,,,,,,,,,,,,,,,,,,,,GND,GND,
,U31,,GND,,,,,,,,,,,,,,,,,,,,GND,GND,
,U6,,GND,,,,,,,,,,,,,,,,,,,,GND,GND,
,U9,,GND,,,,,,,,,,,,,,,,,,,,GND,GND,
,V1,,GND,,,,,,,,,,,,,,,,,,,,GND,GND,
,V2,,GND,,,,,,,,,,,,,,,,,,,,GND,GND,
,V30,,GND,,,,,,,,,,,,,,,,,,,,GND,GND,
,V31,,GND,,,,,,,,,,,,,,,,,,,,GND,GND,
